,※ 매월 말일자 통계 현황,Unnamed: 1,Unnamed: 2,Unnamed: 3,Unnamed: 4,Unnamed: 5,Unnamed: 6,Unnamed: 7,Unnamed: 8,Unnamed: 9,Unnamed: 10,Unnamed: 11,Unnamed: 12,Unnamed: 13,Unnamed: 14,Unnamed: 15,Unnamed: 16,Unnamed: 17,Unnamed: 18,Unnamed: 19,Unnamed: 20,Unnamed: 21,Unnamed: 22,Unnamed: 23,Unnamed: 24,Unnamed: 25,Unnamed: 26,Unnamed: 27,Unnamed: 28,Unnamed: 29,Unnamed: 30,Unnamed: 31,Unnamed: 32,Unnamed: 33,Unnamed: 34,Unnamed: 35,Unnamed: 36,Unnamed: 37,Unnamed: 38,Unnamed: 39,Unnamed: 40,Unnamed: 41,Unnamed: 42,Unnamed: 43,Unnamed: 44,Unnamed: 45,Unnamed: 46,Unnamed: 47,Unnamed: 48,Unnamed: 49,Unnamed: 50,Unnamed: 51,Unnamed: 52,Unnamed: 53,Unnamed: 54,Unnamed: 55,Unnamed: 56,Unnamed: 57,Unnamed: 58,Unnamed: 59,Unnamed: 60,Unnamed: 61,Unnamed: 62,Unnamed: 63,Unnamed: 64,Unnamed: 65,Unnamed: 66,Unnamed: 67,Unnamed: 68,Unnamed: 69,Unnamed: 70,Unnamed: 71,Unnamed: 72,Unnamed: 73,Unnamed: 74,Unnamed: 75,Unnamed: 76,Unnamed: 77,Unnamed: 78,Unnamed: 79,Unnamed: 80,Unnamed: 81,Unnamed: 82,Unnamed: 83,Unnamed: 84,Unnamed: 85,Unnamed: 86,Unnamed: 87,Unnamed: 88,Unnamed: 89,Unnamed: 90,Unnamed: 91,Unnamed: 92,Unnamed: 93,Unnamed: 94,Unnamed: 95,Unnamed: 96,Unnamed: 97,Unnamed: 98,Unnamed: 99,Unnamed: 100,Unnamed: 101,Unnamed: 102,Unnamed: 103,Unnamed: 104,Unnamed: 105,Unnamed: 106,Unnamed: 107,Unnamed: 108,Unnamed: 109,Unnamed: 110,Unnamed: 111,Unnamed: 112,Unnamed: 113,Unnamed: 114,Unnamed: 115,Unnamed: 116,Unnamed: 117,Unnamed: 118,Unnamed: 119,Unnamed: 120,Unnamed: 121,Unnamed: 122,Unnamed: 123,Unnamed: 124,Unnamed: 125,Unnamed: 126,Unnamed: 127,Unnamed: 128,Unnamed: 129,Unnamed: 130,Unnamed: 131,Unnamed: 132,Unnamed: 133,Unnamed: 134,Unnamed: 135,Unnamed: 136,Unnamed: 137,Unnamed: 138,Unnamed: 139,Unnamed: 140,Unnamed: 141,Unnamed: 142,Unnamed: 143,Unnamed: 144,Unnamed: 145,Unnamed: 146,Unnamed: 147,Unnamed: 148,Unnamed: 149,Unnamed: 150,Unnamed: 151,Unnamed: 152,Unnamed: 153,Unnamed: 154,Unnamed: 155,Unnamed: 156,Unnamed: 157,Unnamed: 158,Unnamed: 159,Unnamed: 160,Unnamed: 161,Unnamed: 162,Unnamed: 163,Unnamed: 164,Unnamed: 165,Unnamed: 166,Unnamed: 167,Unnamed: 168,Unnamed: 169,Unnamed: 170,Unnamed: 171,Unnamed: 172,Unnamed: 173,Unnamed: 174,Unnamed: 175,Unnamed: 176,Unnamed: 177,Unnamed: 178,Unnamed: 179,Unnamed: 180,Unnamed: 181,Unnamed: 182,Unnamed: 183,Unnamed: 184,Unnamed: 185,Unnamed: 186,Unnamed: 187,Unnamed: 188,Unnamed: 189,Unnamed: 190,Unnamed: 191,Unnamed: 192,Unnamed: 193,Unnamed: 194,Unnamed: 195,Unnamed: 196,Unnamed: 197,Unnamed: 198,Unnamed: 199,Unnamed: 200,Unnamed: 201,Unnamed: 202,Unnamed: 203,Unnamed: 204,Unnamed: 205,Unnamed: 206,Unnamed: 207,Unnamed: 208,Unnamed: 209,Unnamed: 210,Unnamed: 211,Unnamed: 212,Unnamed: 213,Unnamed: 214,Unnamed: 215,Unnamed: 216,Unnamed: 217
0,,,2020년01월,,,,,,2020년02월,,,,,,2020년03월,,,,,,2020년04월,,,,,,2020년05월,,,,,,2020년06월,,,,,,2020년07월,,,,,,2020년08월,,,,,,2020년09월,,,,,,2020년10월,,,,,,2020년11월,,,,,,2020년12월,,,,,,2021년01월,,,,,,2021년02월,,,,,,2021년03월,,,,,,2021년04월,,,,,,2021년05월,,,,,,2021년06월,,,,,,2021년07월,,,,,,2021년08월,,,,,,2021년09월,,,,,,2021년10월,,,,,,2021년11월,,,,,,2021년12월,,,,,,2022년01월,,,,,,2022년02월,,,,,,2022년03월,,,,,,2022년04월,,,,,,2022년05월,,,,,,2022년06월,,,,,,2022년07월,,,,,,2022년08월,,,,,,2022년09월,,,,,,2022년10월,,,,,,2022년11월,,,,,,2022년12월,,,,,
1,행정기관코드,행정기관,총인구수,세대수,세대당 인구,남자 인구수,여자 인구수,남여 비율,총인구수,세대수,세대당 인구,남자 인구수,여자 인구수,남여 비율,총인구수,세대수,세대당 인구,남자 인구수,여자 인구수,남여 비율,총인구수,세대수,세대당 인구,남자 인구수,여자 인구수,남여 비율,총인구수,세대수,세대당 인구,남자 인구수,여자 인구수,남여 비율,총인구수,세대수,세대당 인구,남자 인구수,여자 인구수,남여 비율,총인구수,세대수,세대당 인구,남자 인구수,여자 인구수,남여 비율,총인구수,세대수,세대당 인구,남자 인구수,여자 인구수,남여 비율,총인구수,세대수,세대당 인구,남자 인구수,여자 인구수,남여 비율,총인구수,세대수,세대당 인구,남자 인구수,여자 인구수,남여 비율,총인구수,세대수,세대당 인구,남자 인구수,여자 인구수,남여 비율,총인구수,세대수,세대당 인구,남자 인구수,여자 인구수,남여 비율,총인구수,세대수,세대당 인구,남자 인구수,여자 인구수,남여 비율,총인구수,세대수,세대당 인구,남자 인구수,여자 인구수,남여 비율,총인구수,세대수,세대당 인구,남자 인구수,여자 인구수,남여 비율,총인구수,세대수,세대당 인구,남자 인구수,여자 인구수,남여 비율,총인구수,세대수,세대당 인구,남자 인구수,여자 인구수,남여 비율,총인구수,세대수,세대당 인구,남자 인구수,여자 인구수,남여 비율,총인구수,세대수,세대당 인구,남자 인구수,여자 인구수,남여 비율,총인구수,세대수,세대당 인구,남자 인구수,여자 인구수,남여 비율,총인구수,세대수,세대당 인구,남자 인구수,여자 인구수,남여 비율,총인구수,세대수,세대당 인구,남자 인구수,여자 인구수,남여 비율,총인구수,세대수,세대당 인구,남자 인구수,여자 인구수,남여 비율,총인구수,세대수,세대당 인구,남자 인구수,여자 인구수,남여 비율,총인구수,세대수,세대당 인구,남자 인구수,여자 인구수,남여 비율,총인구수,세대수,세대당 인구,남자 인구수,여자 인구수,남여 비율,총인구수,세대수,세대당 인구,남자 인구수,여자 인구수,남여 비율,총인구수,세대수,세대당 인구,남자 인구수,여자 인구수,남여 비율,총인구수,세대수,세대당 인구,남자 인구수,여자 인구수,남여 비율,총인구수,세대수,세대당 인구,남자 인구수,여자 인구수,남여 비율,총인구수,세대수,세대당 인구,남자 인구수,여자 인구수,남여 비율,총인구수,세대수,세대당 인구,남자 인구수,여자 인구수,남여 비율,총인구수,세대수,세대당 인구,남자 인구수,여자 인구수,남여 비율,총인구수,세대수,세대당 인구,남자 인구수,여자 인구수,남여 비율,총인구수,세대수,세대당 인구,남자 인구수,여자 인구수,남여 비율,총인구수,세대수,세대당 인구,남자 인구수,여자 인구수,남여 비율
2,1000000000,전국  ,"51,847,509","22,513,039",          2.30,"25,862,863","25,984,646",          1.00,"51,844,627","22,561,161",          2.30,"25,860,491","25,984,136",          1.00,"51,843,195","22,613,882",          2.29,"25,858,743","25,984,452",          1.00,"51,842,524","22,663,240",          2.29,"25,857,509","25,985,015",          1.00,"51,841,371","22,732,288",          2.28,"25,856,030","25,985,341",          1.00,"51,839,408","22,791,531",          2.27,"25,853,937","25,985,471",          0.99,"51,839,852","22,842,044",          2.27,"25,852,796","25,987,056",          0.99,"51,839,953","22,898,959",          2.26,"25,851,388","25,988,565",          0.99,"51,841,786","22,952,513",          2.26,"25,851,003","25,990,783",          0.99,"51,838,016","22,991,110",          2.25,"25,847,719","25,990,297",          0.99,"51,834,302","23,037,033",          2.25,"25,844,667","25,989,635",          0.99,"51,829,023","23,093,108",          2.24,"25,841,029","25,987,994",          0.99,"51,825,932","23,137,172",          2.24,"25,838,512","25,987,420",          0.99,"51,824,142","23,194,982",          2.23,"25,836,561","25,987,581",          0.99,"51,705,905","23,157,385",          2.23,"25,787,390","25,918,515",          0.99,"51,702,100","23,198,657",          2.23,"25,784,538","25,917,562",          0.99,"51,683,025","23,225,281",          2.23,"25,775,853","25,907,172",          0.99,"51,672,400","23,256,332",          2.22,"25,770,033","25,902,367",          0.99,"51,671,569","23,294,707",          2.22,"25,768,310","25,903,259",          0.99,"51,669,716","23,336,989",          2.21,"25,766,031","25,903,685",          0.99,"51,667,688","23,383,689",          2.21,"25,763,891","25,903,797",          0.99,"51,662,290","23,415,533",          2.21,"25,760,238","25,902,052",          0.99,"51,652,704","23,444,608",          2.20,"25,754,446","25,898,258",          0.99,"51,638,809","23,472,895",          2.20,"25,746,684","25,892,125",          0.99,"51,632,473","23,498,025",          2.20,"25,742,528","25,889,945",          0.99,"51,625,561","23,546,053",          2.19,"25,738,197","25,887,364",          0.99,"51,610,695","23,590,069",          2.19,"25,730,584","25,880,111",          0.99,"51,592,660","23,617,091",          2.18,"25,721,053","25,871,607",          0.99,"51,583,722","23,650,555",          2.18,"25,715,591","25,868,131",          0.99,"51,578,178","23,675,578",          2.18,"25,711,784","25,866,394",          0.99,"51,574,446","23,699,750",          2.18,"25,708,650","25,865,796",          0.99,"51,558,441","23,724,829",          2.17,"25,699,579","25,858,862",          0.99,"51,466,658","23,682,288",          2.17,"25,653,998","25,812,660",          0.99,"51,459,626","23,697,051",          2.17,"25,649,509","25,810,117",          0.99,"51,450,829","23,699,243",          2.17,"25,643,889","25,806,940",          0.99,"51,439,038","23,705,814",          2.17,"25,636,951","25,802,087",          0.99
3,1100000000,서울특별시  ,"9,733,509","4,334,918",          2.25,"4,745,088","4,988,421",          0.95,"9,736,962","4,345,877",          2.24,"4,745,133","4,991,829",          0.95,"9,733,655","4,354,006",          2.24,"4,742,217","4,991,438",          0.95,"9,726,787","4,361,645",          2.23,"4,737,843","4,988,944",          0.95,"9,724,496","4,373,610",          2.22,"4,735,431","4,989,065",          0.95,"9,720,846","4,384,076",          2.22,"4,732,275","4,988,571",          0.95,"9,715,429","4,391,545",          2.21,"4,728,872","4,986,557",          0.95,"9,708,247","4,400,154",          2.21,"4,724,585","4,983,662",          0.95,"9,699,232","4,405,833",          2.20,"4,719,170","4,980,062",          0.95,"9,689,159","4,408,498",          2.20,"4,713,716","4,975,443",          0.95,"9,679,771","4,412,343",          2.19,"4,708,321","4,971,450",          0.95,"9,668,465","4,417,954",          2.19,"4,701,723","4,966,742",          0.95,"9,657,969","4,421,022",          2.18,"4,695,999","4,961,970",          0.95,"9,648,606","4,427,814",          2.18,"4,690,282","4,958,324",          0.95,"9,598,484","4,400,403",          2.18,"4,667,524","4,930,960",          0.95,"9,588,711","4,403,263",          2.18,"4,661,711","4,927,000",          0.95,"9,575,355","4,403,381",          2.17,"4,654,720","4,920,635",          0.95,"9,565,990","4,405,638",          2.17,"4,649,442","4,916,548",          0.95,"9,558,153","4,409,964",          2.17,"4,645,177","4,912,976",          0.95,"9,550,227","4,416,816",          2.16,"4,640,740","4,909,487",          0.95,"9,542,256","4,421,143",          2.16,"4,636,069","4,906,187",          0.94,"9,532,428","4,422,587",          2.16,"4,630,630","4,901,798",          0.94,"9,520,880","4,424,222",          2.15,"4,624,290","4,896,590",          0.94,"9,509,458","4,426,007",          2.15,"4,618,040","4,891,418",          0.94,"9,505,926","4,430,541",          2.15,"4,615,631","4,890,295",          0.94,"9,508,451","4,442,586",          2.14,"4,615,823","4,892,628",          0.94,"9,506,778","4,451,444",          2.14,"4,613,910","4,892,868",          0.94,"9,500,480","4,455,106",          2.13,"4,610,082","4,890,398",          0.94,"9,496,887","4,460,604",          2.13,"4,607,440","4,889,447",          0.94,"9,494,807","4,464,840",          2.13,"4,605,655","4,889,152",          0.94,"9,493,211","4,469,392",          2.12,"4,604,405","4,888,806",          0.94,"9,488,454","4,472,975",          2.12,"4,601,295","4,887,159",          0.94,"9,450,768","4,450,525",          2.12,"4,582,361","4,868,407",          0.94,"9,443,722","4,450,389",          2.12,"4,578,459","4,865,263",          0.94,"9,436,836","4,448,660",          2.12,"4,574,781","4,862,055",          0.94,"9,428,372","4,446,296",          2.12,"4,570,048","4,858,324",          0.94
4,2600000000,부산광역시  ,"3,411,819","1,499,152",          2.28,"1,674,202","1,737,617",          0.96,"3,410,925","1,502,333",          2.27,"1,673,266","1,737,659",          0.96,"3,409,932","1,505,897",          2.26,"1,672,252","1,737,680",          0.96,"3,408,347","1,507,504",          2.26,"1,671,199","1,737,148",          0.96,"3,406,942","1,511,199",          2.25,"1,670,175","1,736,767",          0.96,"3,404,423","1,513,956",          2.25,"1,668,618","1,735,805",          0.96,"3,402,776","1,517,200",          2.24,"1,667,613","1,735,163",          0.96,"3,401,072","1,520,321",          2.24,"1,666,462","1,734,610",          0.96,"3,399,749","1,523,122",          2.23,"1,665,554","1,734,195",          0.96,"3,397,598","1,524,888",          2.23,"1,664,277","1,733,321",          0.96,"3,395,514","1,527,721",          2.22,"1,663,055","1,732,459",          0.96,"3,391,946","1,530,431",          2.22,"1,661,000","1,730,946",          0.96,"3,389,388","1,532,700",          2.21,"1,659,527","1,729,861",          0.96,"3,387,761","1,536,242",          2.21,"1,658,540","1,729,221",          0.96,"3,372,399","1,527,830",          2.21,"1,651,804","1,720,595",          0.96,"3,369,704","1,529,794",          2.20,"1,650,252","1,719,452",          0.96,"3,367,334","1,532,053",          2.20,"1,648,965","1,718,369",          0.96,"3,364,358","1,533,514",          2.19,"1,647,291","1,717,067",          0.96,"3,361,781","1,535,294",          2.19,"1,645,794","1,715,987",          0.96,"3,359,527","1,537,395",          2.19,"1,644,378","1,715,149",          0.96,"3,358,763","1,540,342",          2.18,"1,643,690","1,715,073",          0.96,"3,356,311","1,541,975",          2.18,"1,642,368","1,713,943",          0.96,"3,353,627","1,543,438",          2.17,"1,640,867","1,712,760",          0.96,"3,350,380","1,544,663",          2.17,"1,639,044","1,711,336",          0.96,"3,348,874","1,546,414",          2.17,"1,638,207","1,710,667",          0.96,"3,347,396","1,549,967",          2.16,"1,637,111","1,710,285",          0.96,"3,343,504","1,551,767",          2.15,"1,634,958","1,708,546",          0.96,"3,340,214","1,553,032",          2.15,"1,633,170","1,707,044",          0.96,"3,338,167","1,555,326",          2.15,"1,631,825","1,706,342",          0.96,"3,336,737","1,556,938",          2.14,"1,630,944","1,705,793",          0.96,"3,334,595","1,558,052",          2.14,"1,629,643","1,704,952",          0.96,"3,331,444","1,559,462",          2.14,"1,627,821","1,703,623",          0.96,"3,323,826","1,555,449",          2.14,"1,623,784","1,700,042",          0.96,"3,322,286","1,556,293",          2.13,"1,622,749","1,699,537",          0.95,"3,320,276","1,555,836",          2.13,"1,621,486","1,698,790",          0.95,"3,317,812","1,555,867",          2.13,"1,619,915","1,697,897",          0.95
5,2700000000,대구광역시  ,"2,436,488","1,032,478",          2.36,"1,204,387","1,232,101",          0.98,"2,432,883","1,033,349",          2.35,"1,202,364","1,230,519",          0.98,"2,433,568","1,037,956",          2.34,"1,202,273","1,231,295",          0.98,"2,431,523","1,041,932",          2.33,"1,200,899","1,230,624",          0.98,"2,429,059","1,044,412",          2.33,"1,199,504","1,229,555",          0.98,"2,427,954","1,046,585",          2.32,"1,198,815","1,229,139",          0.98,"2,428,022","1,048,735",          2.32,"1,198,621","1,229,401",          0.97,"2,428,228","1,050,852",          2.31,"1,198,662","1,229,566",          0.97,"2,426,849","1,052,646",          2.31,"1,197,914","1,228,935",          0.97,"2,424,171","1,053,168",          2.30,"1,196,446","1,227,725",          0.97,"2,421,859","1,054,637",          2.30,"1,195,081","1,226,778",          0.97,"2,418,346","1,056,627",          2.29,"1,193,109","1,225,237",          0.97,"2,415,813","1,058,117",          2.28,"1,191,656","1,224,157",          0.97,"2,413,191","1,059,963",          2.28,"1,190,244","1,222,947",          0.97,"2,408,875","1,060,866",          2.27,"1,188,070","1,220,805",          0.97,"2,406,296","1,061,829",          2.27,"1,186,663","1,219,633",          0.97,"2,402,940","1,061,872",          2.26,"1,184,977","1,217,963",          0.97,"2,397,646","1,059,826",          2.26,"1,182,380","1,215,266",          0.97,"2,395,749","1,060,394",          2.26,"1,181,351","1,214,398",          0.97,"2,393,626","1,061,159",          2.26,"1,180,223","1,213,403",          0.97,"2,392,787","1,062,536",          2.25,"1,179,640","1,213,147",          0.97,"2,390,721","1,062,993",          2.25,"1,178,486","1,212,235",          0.97,"2,388,230","1,063,241",          2.25,"1,177,136","1,211,094",          0.97,"2,385,412","1,063,893",          2.24,"1,175,632","1,209,780",          0.97,"2,383,858","1,064,438",          2.24,"1,174,667","1,209,191",          0.97,"2,381,095","1,065,477",          2.23,"1,173,039","1,208,056",          0.97,"2,380,494","1,068,557",          2.23,"1,172,632","1,207,862",          0.97,"2,378,573","1,069,411",          2.22,"1,171,451","1,207,122",          0.97,"2,376,676","1,070,212",          2.22,"1,170,309","1,206,367",          0.97,"2,375,306","1,070,705",          2.22,"1,169,571","1,205,735",          0.97,"2,374,120","1,071,366",          2.22,"1,168,845","1,205,275",          0.97,"2,371,936","1,072,018",          2.21,"1,167,564","1,204,372",          0.97,"2,367,735","1,070,482",          2.21,"1,165,326","1,202,409",          0.97,"2,366,852","1,070,874",          2.21,"1,164,728","1,202,124",          0.97,"2,365,619","1,070,839",          2.21,"1,164,024","1,201,595",          0.97,"2,363,691","1,070,873",          2.21,"1,162,865","1,200,826",          0.97
6,2800000000,인천광역시  ,"2,956,119","1,239,915",          2.38,"1,481,749","1,474,370",          1.01,"2,954,955","1,242,107",          2.38,"1,481,133","1,473,822",          1.00,"2,952,689","1,243,983",          2.37,"1,479,839","1,472,850",          1.00,"2,950,972","1,246,255",          2.37,"1,478,916","1,472,056",          1.00,"2,950,063","1,249,739",          2.36,"1,478,307","1,471,756",          1.00,"2,947,217","1,251,818",          2.35,"1,476,813","1,470,404",          1.00,"2,945,565","1,253,957",          2.35,"1,475,837","1,469,728",          1.00,"2,943,491","1,256,383",          2.34,"1,474,620","1,468,871",          1.00,"2,942,553","1,259,167",          2.34,"1,474,105","1,468,448",          1.00,"2,942,233","1,261,590",          2.33,"1,473,834","1,468,399",          1.00,"2,942,307","1,264,300",          2.33,"1,473,795","1,468,512",          1.00,"2,942,828","1,267,956",          2.32,"1,473,943","1,468,885",          1.00,"2,942,452","1,270,669",          2.32,"1,473,639","1,468,813",          1.00,"2,941,705","1,273,377",          2.31,"1,473,245","1,468,460",          1.00,"2,936,461","1,272,361",          2.31,"1,470,750","1,465,711",          1.00,"2,936,214","1,275,194",          2.30,"1,470,490","1,465,724",          1.00,"2,936,382","1,277,842",          2.30,"1,470,528","1,465,854",          1.00,"2,936,367","1,280,291",          2.29,"1,470,544","1,465,823",          1.00,"2,937,440","1,283,524",          2.29,"1,470,985","1,466,455",          1.00,"2,938,429","1,286,458",          2.28,"1,471,347","1,467,082",          1.00,"2,941,795","1,290,829",          2.28,"1,472,963","1,468,832",          1.00,"2,945,009","1,294,158",          2.28,"1,474,536","1,470,473",          1.00,"2,946,319","1,296,517",          2.27,"1,475,245","1,471,074",          1.00,"2,948,375","1,298,647",          2.27,"1,476,373","1,472,002",          1.00,"2,949,150","1,300,292",          2.27,"1,476,663","1,472,487",          1.00,"2,950,978","1,303,227",          2.26,"1,477,432","1,473,546",          1.00,"2,952,699","1,306,725",          2.26,"1,478,272","1,474,427",          1.00,"2,953,260","1,308,777",          2.26,"1,478,514","1,474,746",          1.00,"2,955,167","1,311,588",          2.25,"1,479,428","1,475,739",          1.00,"2,957,066","1,313,975",          2.25,"1,480,432","1,476,634",          1.00,"2,960,580","1,317,046",          2.25,"1,482,177","1,478,403",          1.00,"2,963,117","1,319,683",          2.25,"1,483,370","1,479,747",          1.00,"2,960,097","1,318,437",          2.25,"1,481,896","1,478,201",          1.00,"2,962,388","1,320,238",          2.24,"1,483,026","1,479,362",          1.00,"2,964,820","1,321,231",          2.24,"1,484,103","1,480,717",          1.00,"2,967,314","1,322,632",          2.24,"1,485,175","1,482,139",          1.00
7,2900000000,광주광역시  ,"1,456,688","617,379",          2.36,"720,931","735,757",          0.98,"1,456,121","618,503",          2.35,"720,686","735,435",          0.98,"1,455,705","620,050",          2.35,"720,460","735,245",          0.98,"1,456,096","622,374",          2.34,"720,536","735,560",          0.98,"1,455,533","624,687",          2.33,"720,300","735,233",          0.98,"1,455,048","626,386",          2.32,"720,060","734,988",          0.98,"1,454,709","627,676",          2.32,"719,860","734,849",          0.98,"1,454,154","629,054",          2.31,"719,601","734,553",          0.98,"1,453,952","630,695",          2.31,"719,445","734,507",          0.98,"1,452,994","631,269",          2.30,"718,912","734,082",          0.98,"1,451,993","632,264",          2.30,"718,370","733,623",          0.98,"1,450,062","633,582",          2.29,"717,348","732,714",          0.98,"1,449,115","634,859",          2.28,"716,929","732,186",          0.98,"1,447,953","635,999",          2.28,"716,331","731,622",          0.98,"1,445,473","636,160",          2.27,"715,226","730,247",          0.98,"1,444,787","637,169",          2.27,"714,834","729,953",          0.98,"1,443,154","637,364",          2.26,"714,101","729,053",          0.98,"1,442,647","638,270",          2.26,"713,793","728,854",          0.98,"1,442,482","639,333",          2.26,"713,626","728,856",          0.98,"1,441,970","640,836",          2.25,"713,286","728,684",          0.98,"1,442,827","642,726",          2.24,"713,666","729,161",          0.98,"1,442,454","643,841",          2.24,"713,483","728,971",          0.98,"1,442,138","644,972",          2.24,"713,292","728,846",          0.98,"1,441,611","645,712",          2.23,"713,015","728,596",          0.98,"1,441,636","646,429",          2.23,"713,037","728,599",          0.98,"1,440,032","647,419",          2.22,"712,199","727,833",          0.98,"1,438,463","648,252",          2.22,"711,289","727,174",          0.98,"1,436,916","648,653",          2.22,"710,524","726,392",          0.98,"1,436,012","649,454",          2.21,"710,062","725,950",          0.98,"1,435,378","650,131",          2.21,"709,685","725,693",          0.98,"1,434,703","650,708",          2.20,"709,305","725,398",          0.98,"1,434,397","652,050",          2.20,"709,090","725,307",          0.98,"1,432,856","652,047",          2.20,"708,248","724,608",          0.98,"1,432,651","652,598",          2.20,"708,119","724,532",          0.98,"1,432,049","652,435",          2.19,"707,815","724,234",          0.98,"1,431,050","652,355",          2.19,"707,299","723,751",          0.98
8,3000000000,대전광역시  ,"1,474,152","636,203",          2.32,"736,259","737,893",          1.00,"1,473,125","637,726",          2.31,"735,791","737,334",          1.00,"1,471,858","638,921",          2.30,"735,179","736,679",          1.00,"1,471,650","640,500",          2.30,"734,902","736,748",          1.00,"1,471,915","643,220",          2.29,"734,940","736,975",          1.00,"1,471,040","644,764",          2.28,"734,441","736,599",          1.00,"1,470,225","646,211",          2.28,"734,008","736,217",          1.00,"1,469,431","647,818",          2.27,"733,547","735,884",          1.00,"1,469,099","649,552",          2.26,"733,356","735,743",          1.00,"1,467,556","650,636",          2.26,"732,552","735,004",          1.00,"1,465,893","651,488",          2.25,"731,701","734,192",          1.00,"1,463,882","652,783",          2.24,"730,699","733,183",          1.00,"1,463,291","654,078",          2.24,"730,396","732,895",          1.00,"1,462,064","655,842",          2.23,"729,663","732,401",          1.00,"1,458,463","655,196",          2.23,"728,075","730,388",          1.00,"1,457,619","656,007",          2.22,"727,522","730,097",          1.00,"1,457,161","657,087",          2.22,"727,279","729,882",          1.00,"1,456,107","657,781",          2.21,"726,666","729,441",          1.00,"1,455,300","658,831",          2.21,"726,281","729,019",          1.00,"1,454,679","659,978",          2.20,"725,956","728,723",          1.00,"1,455,058","661,948",          2.20,"726,142","728,916",          1.00,"1,454,228","662,615",          2.19,"725,742","728,486",          1.00,"1,453,675","663,621",          2.19,"725,406","728,269",          1.00,"1,452,251","664,417",          2.19,"724,626","727,625",          1.00,"1,451,272","664,804",          2.18,"724,026","727,246",          1.00,"1,450,862","666,643",          2.18,"723,812","727,050",          1.00,"1,450,057","667,934",          2.17,"723,361","726,696",          1.00,"1,449,360","668,599",          2.17,"723,063","726,297",          1.00,"1,448,933","669,589",          2.16,"722,840","726,093",          1.00,"1,448,401","670,279",          2.16,"722,517","725,884",          1.00,"1,448,182","671,127",          2.16,"722,366","725,816",          1.00,"1,448,240","672,491",          2.15,"722,486","725,754",          1.00,"1,446,602","672,212",          2.15,"721,604","724,998",          1.00,"1,446,863","673,098",          2.15,"721,745","725,118",          1.00,"1,446,749","673,163",          2.15,"721,609","725,140",          1.00,"1,446,072","673,429",          2.15,"721,245","724,827",          1.00
9,3100000000,울산광역시  ,"1,147,037","469,007",          2.45,"589,233","557,804",          1.06,"1,145,710","469,551",          2.44,"588,626","557,084",          1.06,"1,144,563","470,294",          2.43,"588,127","556,436",          1.06,"1,144,098","471,153",          2.43,"587,902","556,196",          1.06,"1,143,148","472,255",          2.42,"587,434","555,714",          1.06,"1,142,190","472,983",          2.41,"586,939","555,251",          1.06,"1,141,362","473,640",          2.41,"586,533","554,829",          1.06,"1,140,310","474,328",          2.40,"585,922","554,388",          1.06,"1,139,368","474,970",          2.40,"585,387","553,981",          1.06,"1,138,581","475,424",          2.39,"584,963","553,618",          1.06,"1,137,345","476,112",          2.39,"584,305","553,040",          1.06,"1,136,017","476,893",          2.38,"583,708","552,309",          1.06,"1,135,370","478,531",          2.37,"583,402","551,968",          1.06,"1,132,953","479,441",          2.36,"582,190","550,763",          1.06,"1,129,254","478,528",          2.36,"580,424","548,830",          1.06,"1,128,163","478,865",          2.36,"579,853","548,310",          1.06,"1,127,175","479,362",          2.35,"579,316","547,859",          1.06,"1,126,369","479,971",          2.35,"578,924","547,445",          1.06,"1,125,727","480,623",          2.34,"578,511","547,216",          1.06,"1,124,459","480,951",          2.34,"577,806","546,653",          1.06,"1,123,236","481,483",          2.33,"577,093","546,143",          1.06,"1,122,566","481,811",          2.33,"576,723","545,843",          1.06,"1,122,495","482,287",          2.33,"576,636","545,859",          1.06,"1,121,592","482,650",          2.32,"576,217","545,375",          1.06,"1,121,100","482,917",          2.32,"575,939","545,161",          1.06,"1,119,446","483,490",          2.32,"575,165","544,281",          1.06,"1,118,010","484,122",          2.31,"574,444","543,566",          1.06,"1,117,204","484,641",          2.31,"573,984","543,220",          1.06,"1,116,482","485,349",          2.30,"573,619","542,863",          1.06,"1,115,609","485,652",          2.30,"573,152","542,457",          1.06,"1,114,753","485,759",          2.29,"572,615","542,138",          1.06,"1,113,458","486,060",          2.29,"571,867","541,591",          1.06,"1,112,191","485,838",          2.29,"571,248","540,943",          1.06,"1,111,707","486,070",          2.29,"570,960","540,747",          1.06,"1,111,371","486,101",          2.29,"570,756","540,615",          1.06,"1,110,663","486,143",          2.28,"570,368","540,295",          1.06
10,3600000000,세종특별자치시  ,"342,328","136,056",          2.52,"170,729","171,599",          0.99,"343,788","136,629",          2.52,"171,403","172,385",          0.99,"344,792","137,208",          2.51,"171,951","172,841",          0.99,"345,216","137,500",          2.51,"172,176","173,040",          1.00,"345,373","137,893",          2.50,"172,269","173,104",          1.00,"345,341","138,167",          2.50,"172,234","173,107",          0.99,"346,217","138,720",          2.50,"172,660","173,557",          0.99,"347,232","139,552",          2.49,"173,183","174,049",          1.00,"348,014","140,222",          2.48,"173,613","174,401",          1.00,"351,007","141,687",          2.48,"175,135","175,872",          1.00,"353,430","142,912",          2.47,"176,336","177,094",          1.00,"355,831","144,275",          2.47,"177,568","178,263",          1.00,"357,871","145,403",          2.46,"178,656","179,215",          1.00,"359,569","146,323",          2.46,"179,528","180,041",          1.00,"360,462","146,763",          2.46,"180,030","180,432",          1.00,"361,396","147,292",          2.45,"180,462","180,934",          1.00,"362,036","147,848",          2.45,"180,778","181,258",          1.00,"362,995","148,604",          2.44,"181,328","181,667",          1.00,"364,364","149,580",          2.44,"181,996","182,368",          1.00,"365,309","150,077",          2.43,"182,430","182,879",          1.00,"366,560","150,841",          2.43,"183,044","183,516",          1.00,"368,276","151,639",          2.43,"183,879","184,397",          1.00,"369,465","152,301",          2.43,"184,441","185,024",          1.00,"371,895","153,649",          2.42,"185,678","186,217",          1.00,"374,377","154,890",          2.42,"186,907","187,470",          1.00,"376,399","155,990",          2.41,"187,858","188,541",          1.00,"377,296","156,696",          2.41,"188,356","188,940",          1.00,"378,196","157,270",          2.40,"188,778","189,418",          1.00,"379,340","157,846",          2.40,"189,302","190,038",          1.00,"380,215","158,258",          2.40,"189,723","190,492",          1.00,"380,889","158,495",          2.40,"190,038","190,851",          1.00,"381,439","158,798",          2.40,"190,276","191,163",          1.00,"381,925","159,036",          2.40,"190,541","191,384",          1.00,"382,258","159,129",          2.40,"190,683","191,575",          1.00,"382,770","159,150",          2.41,"190,987","191,783",          1.00,"383,591","159,386",          2.41,"191,389","192,202",          1.00
11,4100000000,경기도  ,"13,250,368","5,480,444",          2.42,"6,665,310","6,585,058",          1.01,"13,265,377","5,497,087",          2.41,"6,672,706","6,592,671",          1.01,"13,288,975","5,514,938",          2.41,"6,684,759","6,604,216",          1.01,"13,311,254","5,529,263",          2.41,"6,696,531","6,614,723",          1.01,"13,324,041","5,547,190",          2.40,"6,703,603","6,620,438",          1.01,"13,338,020","5,566,078",          2.40,"6,711,047","6,626,973",          1.01,"13,351,891","5,584,110",          2.39,"6,717,812","6,634,079",          1.01,"13,370,714","5,605,611",          2.39,"6,727,226","6,643,488",          1.01,"13,388,485","5,626,369",          2.38,"6,736,077","6,652,408",          1.01,"13,400,615","5,641,978",          2.38,"6,741,849","6,658,766",          1.01,"13,413,459","5,658,580",          2.37,"6,748,061","6,665,398",          1.01,"13,427,014","5,676,401",          2.37,"6,754,469","6,672,545",          1.01,"13,449,499","5,694,934",          2.36,"6,765,862","6,683,637",          1.01,"13,471,758","5,717,252",          2.36,"6,777,066","6,694,692",          1.01,"13,465,837","5,719,333",          2.35,"6,776,866","6,688,971",          1.01,"13,479,798","5,735,887",          2.35,"6,784,466","6,695,332",          1.01,"13,488,910","5,749,175",          2.35,"6,789,327","6,699,583",          1.01,"13,500,688","5,763,227",          2.34,"6,795,088","6,705,600",          1.01,"13,512,867","5,776,653",          2.34,"6,801,008","6,711,859",          1.01,"13,530,519","5,793,437",          2.34,"6,810,105","6,720,414",          1.01,"13,542,284","5,809,524",          2.33,"6,816,449","6,725,835",          1.01,"13,549,577","5,820,524",          2.33,"6,820,025","6,729,552",          1.01,"13,557,973","5,831,464",          2.32,"6,823,931","6,734,042",          1.01,"13,565,450","5,841,995",          2.32,"6,827,298","6,738,152",          1.01,"13,571,450","5,850,373",          2.32,"6,830,317","6,741,133",          1.01,"13,574,369","5,861,240",          2.32,"6,831,902","6,742,467",          1.01,"13,575,936","5,871,380",          2.31,"6,832,830","6,743,106",          1.01,"13,577,808","5,880,097",          2.31,"6,833,859","6,743,949",          1.01,"13,581,496","5,890,145",          2.31,"6,835,968","6,745,528",          1.01,"13,585,967","5,898,050",          2.30,"6,838,396","6,747,571",          1.01,"13,589,362","5,904,582",          2.30,"6,840,138","6,749,224",          1.01,"13,590,056","5,910,963",          2.30,"6,840,757","6,749,299",          1.01,"13,574,353","5,902,827",          2.30,"6,832,856","6,741,497",          1.01,"13,579,508","5,908,615",          2.30,"6,835,151","6,744,357",          1.01,"13,583,238","5,909,700",          2.30,"6,836,309","6,746,929",          1.01,"13,589,432","5,913,694",          2.30,"6,839,276","6,750,156",          1.01
12,4200000000,강원도  ,"1,540,540","720,119",          2.14,"774,866","765,674",          1.01,"1,539,521","721,003",          2.14,"774,358","765,163",          1.01,"1,538,577","721,794",          2.13,"773,983","764,594",          1.01,"1,537,780","722,573",          2.13,"773,468","764,312",          1.01,"1,538,639","724,966",          2.12,"773,923","764,716",          1.01,"1,539,282","726,980",          2.12,"774,325","764,957",          1.01,"1,540,094","728,771",          2.11,"774,913","765,181",          1.01,"1,540,689","730,504",          2.11,"775,113","765,576",          1.01,"1,541,104","732,005",          2.11,"775,324","765,780",          1.01,"1,541,836","733,436",          2.10,"775,679","766,157",          1.01,"1,542,374","734,819",          2.10,"776,079","766,295",          1.01,"1,542,840","736,301",          2.10,"776,505","766,335",          1.01,"1,541,696","736,825",          2.09,"775,727","765,969",          1.01,"1,540,875","737,787",          2.09,"775,186","765,689",          1.01,"1,536,399","735,644",          2.09,"773,248","763,151",          1.01,"1,536,175","736,749",          2.09,"773,037","763,138",          1.01,"1,535,491","736,980",          2.08,"772,893","762,598",          1.01,"1,535,530","738,068",          2.08,"772,949","762,581",          1.01,"1,536,140","739,290",          2.08,"773,232","762,908",          1.01,"1,536,270","740,341",          2.08,"773,260","763,010",          1.01,"1,536,765","742,196",          2.07,"773,495","763,270",          1.01,"1,537,717","743,798",          2.07,"774,008","763,709",          1.01,"1,538,273","745,060",          2.06,"774,232","764,041",          1.01,"1,538,492","746,220",          2.06,"774,332","764,160",          1.01,"1,538,660","747,023",          2.06,"774,315","764,345",          1.01,"1,539,051","748,626",          2.06,"774,543","764,508",          1.01,"1,539,036","750,531",          2.05,"774,522","764,514",          1.01,"1,539,038","751,554",          2.05,"774,562","764,476",          1.01,"1,539,005","752,649",          2.04,"774,458","764,547",          1.01,"1,539,064","753,336",          2.04,"774,405","764,659",          1.01,"1,539,178","754,257",          2.04,"774,387","764,791",          1.01,"1,538,801","755,162",          2.04,"774,193","764,608",          1.01,"1,537,396","754,682",          2.04,"773,576","763,820",          1.01,"1,537,339","755,184",          2.04,"773,491","763,848",          1.01,"1,536,863","755,157",          2.04,"773,182","763,681",          1.01,"1,536,498","755,481",          2.03,"772,947","763,551",          1.01
13,4300000000,충청북도  ,"1,599,391","722,726",          2.21,"810,129","789,262",          1.03,"1,598,599","723,931",          2.21,"809,805","788,794",          1.03,"1,597,639","725,289",          2.20,"809,369","788,270",          1.03,"1,596,613","726,381",          2.20,"809,005","787,608",          1.03,"1,596,710","729,270",          2.19,"809,114","787,596",          1.03,"1,597,593","732,285",          2.18,"809,657","787,936",          1.03,"1,597,936","734,112",          2.18,"809,841","788,095",          1.03,"1,598,162","736,095",          2.17,"810,023","788,139",          1.03,"1,598,536","738,094",          2.17,"810,302","788,234",          1.03,"1,599,102","739,808",          2.16,"810,528","788,574",          1.03,"1,599,680","742,087",          2.16,"810,903","788,777",          1.03,"1,600,837","745,644",          2.15,"811,591","789,246",          1.03,"1,599,658","746,441",          2.14,"811,057","788,601",          1.03,"1,599,122","747,979",          2.14,"810,751","788,371",          1.03,"1,595,714","747,313",          2.14,"809,457","786,257",          1.03,"1,596,303","748,975",          2.13,"809,679","786,624",          1.03,"1,596,955","750,635",          2.13,"809,946","787,009",          1.03,"1,597,503","752,237",          2.12,"810,225","787,278",          1.03,"1,597,501","753,893",          2.12,"810,258","787,243",          1.03,"1,597,179","755,059",          2.12,"810,095","787,084",          1.03,"1,596,765","756,520",          2.11,"809,981","786,784",          1.03,"1,596,948","757,980",          2.11,"810,093","786,855",          1.03,"1,597,019","759,106",          2.10,"810,261","786,758",          1.03,"1,597,427","760,672",          2.10,"810,672","786,755",          1.03,"1,597,097","761,737",          2.10,"810,548","786,549",          1.03,"1,597,022","763,610",          2.09,"810,649","786,373",          1.03,"1,597,484","766,005",          2.09,"811,004","786,480",          1.03,"1,597,284","767,041",          2.08,"811,063","786,221",          1.03,"1,597,033","768,171",          2.08,"811,009","786,024",          1.03,"1,597,118","769,180",          2.08,"811,127","785,991",          1.03,"1,597,163","770,205",          2.07,"811,286","785,877",          1.03,"1,596,886","771,190",          2.07,"811,289","785,597",          1.03,"1,595,624","770,996",          2.07,"810,741","784,883",          1.03,"1,595,578","771,479",          2.07,"810,747","784,831",          1.03,"1,595,284","771,562",          2.07,"810,731","784,553",          1.03,"1,595,058","771,848",          2.07,"810,782","784,276",          1.03
14,4400000000,충청남도  ,"2,122,455","960,438",          2.21,"1,081,552","1,040,903",          1.04,"2,120,995","961,890",          2.21,"1,081,153","1,039,842",          1.04,"2,119,749","963,547",          2.20,"1,080,705","1,039,044",          1.04,"2,118,457","964,860",          2.20,"1,080,256","1,038,201",          1.04,"2,118,510","967,947",          2.19,"1,080,425","1,038,085",          1.04,"2,119,771","971,033",          2.18,"1,081,224","1,038,547",          1.04,"2,120,692","973,444",          2.18,"1,081,752","1,038,940",          1.04,"2,120,519","975,474",          2.17,"1,081,807","1,038,712",          1.04,"2,120,559","977,399",          2.17,"1,082,029","1,038,530",          1.04,"2,120,347","978,784",          2.17,"1,081,967","1,038,380",          1.04,"2,120,607","980,711",          2.16,"1,082,311","1,038,296",          1.04,"2,121,029","983,153",          2.16,"1,082,634","1,038,395",          1.04,"2,119,837","984,768",          2.15,"1,082,095","1,037,742",          1.04,"2,119,542","987,100",          2.15,"1,082,026","1,037,516",          1.04,"2,115,823","985,844",          2.15,"1,080,841","1,034,982",          1.04,"2,116,452","987,866",          2.14,"1,081,275","1,035,177",          1.04,"2,117,260","989,963",          2.14,"1,081,854","1,035,406",          1.04,"2,117,400","991,636",          2.14,"1,082,113","1,035,287",          1.05,"2,118,205","993,794",          2.13,"1,082,654","1,035,551",          1.05,"2,118,183","995,603",          2.13,"1,082,664","1,035,519",          1.05,"2,118,098","997,516",          2.12,"1,082,596","1,035,502",          1.05,"2,118,977","999,286",          2.12,"1,083,133","1,035,844",          1.05,"2,119,529","1,000,660",          2.12,"1,083,419","1,036,110",          1.05,"2,119,257","1,001,915",          2.12,"1,083,366","1,035,891",          1.05,"2,118,638","1,003,132",          2.11,"1,083,242","1,035,396",          1.05,"2,118,912","1,005,290",          2.11,"1,083,507","1,035,405",          1.05,"2,119,099","1,007,776",          2.10,"1,083,753","1,035,346",          1.05,"2,119,296","1,009,254",          2.10,"1,083,970","1,035,326",          1.05,"2,119,661","1,010,866",          2.10,"1,084,296","1,035,365",          1.05,"2,120,201","1,012,446",          2.09,"1,084,712","1,035,489",          1.05,"2,121,011","1,013,955",          2.09,"1,085,037","1,035,974",          1.05,"2,121,082","1,015,515",          2.09,"1,085,209","1,035,873",          1.05,"2,120,269","1,015,797",          2.09,"1,084,756","1,035,513",          1.05,"2,121,333","1,017,146",          2.09,"1,085,425","1,035,908",          1.05,"2,122,357","1,018,101",          2.08,"1,086,076","1,036,281",          1.05,"2,123,037","1,019,093",          2.08,"1,086,632","1,036,405",          1.05
15,4500000000,전라북도  ,"1,817,302","817,017",          2.22,"903,385","913,917",          0.99,"1,815,112","818,452",          2.22,"902,365","912,747",          0.99,"1,812,936","820,140",          2.21,"901,252","911,684",          0.99,"1,811,619","821,517",          2.21,"900,628","910,991",          0.99,"1,810,097","824,032",          2.20,"899,894","910,203",          0.99,"1,808,802","826,134",          2.19,"899,137","909,665",          0.99,"1,808,044","827,895",          2.18,"898,719","909,325",          0.99,"1,807,094","829,789",          2.18,"898,296","908,798",          0.99,"1,806,441","831,694",          2.17,"898,048","908,393",          0.99,"1,805,937","833,069",          2.17,"897,770","908,167",          0.99,"1,805,204","834,858",          2.16,"897,393","907,811",          0.99,"1,804,104","836,660",          2.16,"896,874","907,230",          0.99,"1,802,748","838,242",          2.15,"896,115","906,633",          0.99,"1,801,319","840,063",          2.14,"895,485","905,834",          0.99,"1,797,450","839,942",          2.14,"893,974","903,476",          0.99,"1,796,331","841,378",          2.13,"893,415","902,916",          0.99,"1,794,682","841,543",          2.13,"892,833","901,849",          0.99,"1,794,345","842,662",          2.13,"892,670","901,675",          0.99,"1,793,902","843,708",          2.13,"892,487","901,415",          0.99,"1,792,476","844,645",          2.12,"891,776","900,700",          0.99,"1,791,110","846,204",          2.12,"891,073","900,037",          0.99,"1,789,770","847,406",          2.11,"890,378","899,392",          0.99,"1,788,616","848,380",          2.11,"889,824","898,792",          0.99,"1,786,855","849,001",          2.10,"888,994","897,861",          0.99,"1,785,392","849,366",          2.10,"888,291","897,101",          0.99,"1,783,923","850,567",          2.10,"887,611","896,312",          0.99,"1,782,205","851,558",          2.09,"886,928","895,277",          0.99,"1,780,824","852,086",          2.09,"886,274","894,550",          0.99,"1,779,230","852,829",          2.09,"885,475","893,755",          0.99,"1,778,279","853,717",          2.08,"884,908","893,371",          0.99,"1,776,949","854,552",          2.08,"884,164","892,785",          0.99,"1,775,664","855,440",          2.08,"883,436","892,228",          0.99,"1,772,596","854,565",          2.07,"882,044","890,552",          0.99,"1,771,776","855,270",          2.07,"881,608","890,168",          0.99,"1,770,839","855,573",          2.07,"881,151","889,688",          0.99,"1,769,607","855,849",          2.07,"880,592","889,015",          0.99
16,4600000000,전라남도  ,"1,864,712","872,739",          2.14,"935,962","928,750",          1.01,"1,861,894","873,871",          2.13,"934,900","926,994",          1.01,"1,859,290","875,423",          2.12,"933,896","925,394",          1.01,"1,857,083","877,388",          2.12,"932,970","924,113",          1.01,"1,855,945","880,440",          2.11,"932,496","923,449",          1.01,"1,854,618","882,615",          2.10,"931,898","922,720",          1.01,"1,853,339","884,043",          2.10,"931,280","922,059",          1.01,"1,851,985","885,676",          2.09,"930,466","921,519",          1.01,"1,851,124","887,358",          2.09,"930,076","921,048",          1.01,"1,850,680","888,724",          2.08,"929,911","920,769",          1.01,"1,850,557","890,570",          2.08,"929,986","920,571",          1.01,"1,851,549","893,152",          2.07,"930,615","920,934",          1.01,"1,850,575","894,611",          2.07,"930,132","920,443",          1.01,"1,849,795","896,411",          2.06,"929,889","919,906",          1.01,"1,844,811","895,024",          2.06,"927,884","916,927",          1.01,"1,844,148","896,392",          2.06,"927,667","916,481",          1.01,"1,842,423","896,634",          2.05,"927,074","915,349",          1.01,"1,840,921","897,529",          2.05,"926,398","914,523",          1.01,"1,839,698","898,434",          2.05,"925,751","913,947",          1.01,"1,838,353","899,309",          2.04,"924,912","913,441",          1.01,"1,835,690","900,110",          2.04,"923,651","912,039",          1.01,"1,834,653","901,203",          2.04,"923,037","911,616",          1.01,"1,833,864","902,193",          2.03,"922,677","911,187",          1.01,"1,832,803","903,108",          2.03,"922,221","910,582",          1.01,"1,832,604","903,758",          2.03,"922,190","910,414",          1.01,"1,831,451","905,202",          2.02,"921,753","909,698",          1.01,"1,829,501","905,818",          2.02,"920,971","908,530",          1.01,"1,828,550","906,664",          2.02,"920,492","908,058",          1.01,"1,827,674","907,606",          2.01,"920,050","907,624",          1.01,"1,826,440","907,953",          2.01,"919,417","907,023",          1.01,"1,825,534","908,240",          2.01,"918,956","906,578",          1.01,"1,824,104","908,581",          2.01,"918,260","905,844",          1.01,"1,820,458","907,276",          2.01,"916,611","903,847",          1.01,"1,819,157","907,462",          2.00,"915,996","903,161",          1.01,"1,818,484","907,615",          2.00,"915,677","902,807",          1.01,"1,817,697","907,710",          2.00,"915,272","902,425",          1.01
17,4700000000,경상북도  ,"2,662,508","1,228,044",          2.17,"1,340,346","1,322,162",          1.01,"2,658,956","1,229,265",          2.16,"1,338,907","1,320,049",          1.01,"2,653,418","1,231,572",          2.15,"1,336,289","1,317,129",          1.01,"2,651,054","1,235,801",          2.15,"1,334,981","1,316,073",          1.01,"2,648,760","1,239,069",          2.14,"1,333,815","1,314,945",          1.01,"2,646,493","1,241,310",          2.13,"1,332,780","1,313,713",          1.01,"2,644,001","1,242,701",          2.13,"1,331,461","1,312,540",          1.01,"2,640,932","1,244,551",          2.12,"1,329,919","1,311,013",          1.01,"2,640,003","1,246,952",          2.12,"1,329,408","1,310,595",          1.01,"2,639,763","1,249,009",          2.11,"1,329,257","1,310,506",          1.01,"2,639,245","1,251,445",          2.11,"1,328,939","1,310,306",          1.01,"2,639,422","1,254,662",          2.10,"1,329,211","1,310,211",          1.01,"2,637,639","1,256,416",          2.10,"1,328,384","1,309,255",          1.01,"2,636,747","1,259,684",          2.09,"1,328,167","1,308,580",          1.01,"2,635,563","1,262,718",          2.09,"1,327,990","1,307,573",          1.02,"2,635,896","1,265,410",          2.08,"1,328,240","1,307,656",          1.02,"2,633,592","1,265,179",          2.08,"1,327,307","1,306,285",          1.02,"2,632,401","1,266,588",          2.08,"1,326,844","1,305,557",          1.02,"2,631,649","1,268,267",          2.07,"1,326,218","1,305,431",          1.02,"2,630,254","1,269,770",          2.07,"1,325,354","1,304,900",          1.02,"2,628,344","1,271,864",          2.07,"1,324,322","1,304,022",          1.02,"2,627,925","1,273,579",          2.06,"1,324,128","1,303,797",          1.02,"2,627,468","1,275,275",          2.06,"1,324,021","1,303,447",          1.02,"2,626,609","1,276,846",          2.06,"1,323,661","1,302,948",          1.02,"2,624,310","1,277,295",          2.05,"1,322,509","1,301,801",          1.02,"2,622,026","1,279,337",          2.05,"1,321,638","1,300,388",          1.02,"2,619,641","1,281,587",          2.04,"1,320,888","1,298,753",          1.02,"2,617,552","1,282,737",          2.04,"1,320,018","1,297,534",          1.02,"2,616,177","1,284,046",          2.04,"1,319,332","1,296,845",          1.02,"2,613,963","1,284,663",          2.03,"1,318,198","1,295,765",          1.02,"2,612,016","1,285,289",          2.03,"1,317,139","1,294,877",          1.02,"2,609,356","1,286,286",          2.03,"1,315,815","1,293,541",          1.02,"2,605,066","1,285,019",          2.03,"1,313,983","1,291,083",          1.02,"2,603,389","1,285,483",          2.03,"1,313,237","1,290,152",          1.02,"2,602,052","1,286,170",          2.02,"1,312,637","1,289,415",          1.02,"2,600,492","1,286,873",          2.02,"1,311,881","1,288,611",          1.02
18,4800000000,경상남도  ,"3,361,344","1,453,042",          2.31,"1,691,504","1,669,840",          1.01,"3,358,828","1,455,655",          2.31,"1,690,600","1,668,228",          1.01,"3,355,341","1,458,567",          2.30,"1,689,137","1,666,204",          1.01,"3,353,380","1,461,207",          2.29,"1,688,178","1,665,202",          1.01,"3,351,347","1,465,556",          2.29,"1,687,289","1,664,058",          1.01,"3,349,454","1,468,692",          2.28,"1,686,331","1,663,123",          1.01,"3,347,637","1,470,937",          2.28,"1,685,427","1,662,210",          1.01,"3,345,169","1,473,746",          2.27,"1,684,134","1,661,035",          1.01,"3,343,770","1,476,628",          2.26,"1,683,263","1,660,507",          1.01,"3,342,831","1,478,602",          2.26,"1,682,733","1,660,098",          1.01,"3,341,063","1,481,086",          2.26,"1,681,719","1,659,344",          1.01,"3,340,216","1,484,601",          2.25,"1,681,423","1,658,793",          1.01,"3,338,396","1,487,083",          2.24,"1,680,383","1,658,013",          1.01,"3,336,045","1,490,502",          2.24,"1,679,295","1,656,750",          1.01,"3,330,463","1,490,880",          2.23,"1,677,021","1,653,442",          1.01,"3,329,623","1,493,396",          2.23,"1,676,550","1,653,073",          1.01,"3,327,298","1,494,518",          2.23,"1,675,389","1,651,909",          1.01,"3,325,840","1,496,137",          2.22,"1,674,612","1,651,228",          1.01,"3,324,735","1,498,081",          2.22,"1,674,003","1,650,732",          1.01,"3,322,373","1,499,638",          2.22,"1,672,737","1,649,636",          1.01,"3,319,271","1,501,655",          2.21,"1,671,042","1,648,229",          1.01,"3,318,161","1,503,397",          2.21,"1,670,394","1,647,767",          1.01,"3,316,365","1,504,605",          2.20,"1,669,512","1,646,853",          1.01,"3,314,183","1,505,971",          2.20,"1,668,338","1,645,845",          1.01,"3,311,438","1,506,797",          2.20,"1,666,968","1,644,470",          1.01,"3,307,005","1,508,852",          2.19,"1,664,907","1,642,098",          1.01,"3,303,274","1,510,929",          2.19,"1,663,146","1,640,128",          1.01,"3,300,692","1,512,847",          2.18,"1,661,866","1,638,826",          1.01,"3,298,016","1,514,453",          2.18,"1,660,600","1,637,416",          1.01,"3,295,615","1,515,190",          2.18,"1,659,245","1,636,370",          1.01,"3,293,709","1,515,978",          2.17,"1,658,198","1,635,511",          1.01,"3,290,991","1,516,883",          2.17,"1,656,746","1,634,245",          1.01,"3,286,470","1,515,985",          2.17,"1,654,622","1,631,848",          1.01,"3,284,495","1,516,472",          2.17,"1,653,654","1,630,841",          1.01,"3,282,849","1,516,647",          2.16,"1,652,807","1,630,042",          1.01,"3,280,493","1,516,930",          2.16,"1,651,675","1,628,818",          1.01
19,5000000000,제주특별자치도  ,"670,749","293,362",          2.29,"337,231","333,518",          1.01,"670,876","293,932",          2.28,"337,295","333,581",          1.01,"670,508","294,297",          2.28,"337,055","333,453",          1.01,"670,595","295,387",          2.27,"337,119","333,476",          1.01,"670,793","296,803",          2.26,"337,111","333,682",          1.01,"671,316","297,669",          2.26,"337,343","333,973",          1.01,"671,913","298,347",          2.25,"337,587","334,326",          1.01,"672,524","299,051",          2.25,"337,822","334,702",          1.01,"672,948","299,807",          2.24,"337,932","335,016",          1.01,"673,606","300,540",          2.24,"338,190","335,416",          1.01,"674,001","301,100",          2.24,"338,312","335,689",          1.01,"674,635","302,033",          2.23,"338,609","336,026",          1.01,"674,615","302,473",          2.23,"338,553","336,062",          1.01,"675,137","303,203",          2.23,"338,673","336,464",          1.01,"673,974","302,580",          2.23,"338,206","335,768",          1.01,"674,484","303,191",          2.22,"338,422","336,062",          1.01,"674,877","303,845",          2.22,"338,566","336,311",          1.01,"675,293","304,353",          2.22,"338,766","336,527",          1.01,"675,876","305,044",          2.22,"338,978","336,898",          1.01,"675,883","305,517",          2.21,"338,962","336,921",          1.01,"676,079","306,252",          2.21,"338,975","337,104",          1.01,"676,569","306,741",          2.21,"339,195","337,374",          1.01,"676,768","307,266",          2.20,"339,256","337,512",          1.01,"676,759","307,529",          2.20,"339,177","337,582",          1.00,"676,691","307,819",          2.20,"339,071","337,620",          1.00,"677,143","308,530",          2.19,"339,248","337,895",          1.00,"677,218","308,988",          2.19,"339,320","337,898",          1.00,"677,413","309,322",          2.19,"339,383","338,030",          1.00,"677,766","309,822",          2.19,"339,578","338,188",          1.00,"678,012","310,265",          2.19,"339,697","338,315",          1.00,"678,491","310,747",          2.18,"339,951","338,540",          1.00,"679,016","311,272",          2.18,"340,105","338,911",          1.00,"678,426","311,115",          2.18,"339,801","338,625",          1.00,"678,324","311,251",          2.18,"339,731","338,593",          1.00,"678,373","311,303",          2.18,"339,758","338,615",          1.00,"678,159","311,355",          2.18,"339,590","338,569",          1.00
